 Code, Item,Brand,Exp.,MRP ,,Discount Price,Discount Percent,Barcode,Manufactureer,Small Image,Large Image,Short Description,Long Description
I16613,PATAJALI SHISHU CARE MASSAGE OIL 100ML,Patanjali,Oct-18,85,,,,8904109449819,,,,,
I16613,PATAJALI SHISHU CARE MASSAGE OIL 100ML,Patanjali,Sep-18,85,,,,8904109449819,,,,,
344956,PATAJALI TOMATO KETCHUP (ONION GARLIC),Patanjali,Nov-17,70,,,,8904109420696,,,,,
I18471,PATANAJALI ROYAL SONAMASORI RICE,Patanjali,Dec-18,699,,,,8904109468094,,,,,
I18471,PATANAJALI ROYAL SONAMASORI RICE,Patanjali,Jan-19,699,,,,8904109468094,,,,,
I16614,PATANAJALI SHISHU CARE HAIR OIL 100ML,Patanjali,Dec-19,70,,,,8904109449840,,,,,
I16614,PATANAJALI SHISHU CARE HAIR CLEANSER100ML,Patanjali,Dec-19,80,,,,8904109449833,,,,,
I16614,PATANAJALI SHISHU CARE HAIR OIL 100ML,Patanjali,Sep-18,70,,,,8904109449840,,,,,
I156789,PATANAJALI SHISHU CARE BODY LOTION 100,Patanjali,,85,,,,8904109449826,,,,,
I06118,PATANJAJI NARIYAL BISCUITS 100GM,Patanjali,Dec-19,10,,,,8902351222211,,,,,
I14464,PATANJAJI NARIYAL BISCUITS 300GM,Patanjali,Apr-17,30,,,,8902351222372,,,,,
I14464,PATANJAJI NARIYAL BISCUITS 300GM,Patanjali,Jul-17,30,,,,8902351222372,,,,,
I01373,PATANJALI  AQUA FRESH SOAP 75GM,Patanjali,Oct-18,24,,,,8904109450181,,,,,
I01373,PATANJALI  AQUA FRESH SOAP 75GM,Patanjali,Jun-18,24,,,,8904109450181,,,,,
II3837,PATANJALI  DALIYA PUSHTAHAR,Patanjali,May-17,40,,,,8904109465123,,,,,
I34678,PATANJALI MADHURAM AGAR KONARK,Patanjali,,20,,,,8904109470493,,,,,
27890,PATANJALI MADHURAM AGAR ALKANANDA,Patanjali,,20,,,,8904109470509,,,,,
27891,PATANJALI MADHURAM AGAR MEDITATION,Patanjali,,20,,,,8904109466052,,,,,
27892,PATANJALI MADHURAM AGAR AMBER,Patanjali,,20,,,,8904109466090,,,,,
27893,PATANJALI MADHURAM AGAR VANGANDHA,Patanjali,,20,,,,8904109470523,,,,,
27894,PATANJALI MADHURAM AGAR OUDH,Patanjali,,20,,,,8904109466106,,,,,
27895,PATANJALI MADHURAM WHITE FLOWER,Patanjali,,20,,,,8904109466069,,,,,
27896,PATANJALI MADHURAM AGAR YAJNASUGNA,Patanjali,,20,,,,8904109466045,,,,,
27897,PATANJALI MADHURAM AGAR ROSE,Patanjali,,20,,,,8904109466021,,,,,
27898,PATANJALI MADHURAM AGAR LAVENDER,Patanjali,,20,,,,8904109466083,,,,,
I02204,PATANJALI  SPICES SABZI MASALA 100GM,Patanjali,Nov-17,38,,,,8904109465185,,,,,
I02204,PATANJALI  SPICES SABZI MASALA 100GM,Patanjali,Sep-17,38,,,,8904109465185,,,,,
I05325,PATANJALI AATA 5KG,Patanjali,Dec-19,170,,,,8904109470240,,,,,
I14103,PATANJALI ACTIVE CARE BRUSH,Patanjali,Dec-19,20,,,,8904109401169,,,,,
I17808,PATANJALI ADVANCE PASTE 50GM,Patanjali,Sep-18,50,,,,8904109451577,,,,,
I14461,PATANJALI AJOWAN 100GMS,Patanjali,Dec-18,38,,,,8904109470479,,,,,
II8888,PATANJALI ALMOND HAIR OIL,Patanjali,Oct-18,50,,,,8904109470875,,,,,
II8868,PATANJALI ALMOND KESAR HAND WASH,Patanjali,Aug-17,90,,,,8904109430626,,,,,
II8886,PATANJALI ALMOND KESAR KANTI SOAP 75GM,Patanjali,Apr-18,19,,,,8904109450242,,,,,
92975,PATANJALI ALOEVERA GEL 60ML,Patanjali,May-18,40,,,,8904109400360,,,,,
92976,PATANJALI ALOEVERA GEL 150ML,Patanjali,,80,,,,8904109400353,,,,,
I01306,PATANJALI ALOEVERA JUICE PLAIN,Patanjali,May-17,180,,,,8904109420337,,,,,
I15732,PATANJALI ALOEVERA KANTI SOAP 150GM,Patanjali,Oct-18,25,,,,8904109451928,,,,,
I15732,PATANJALI ALOEVERA KANTI SOAP 150GM,Patanjali,Oct-18,25,,,,8904109451928,,,,,
344463,PATANJALI ALOEVERA MOISTURIZING CREAM,Patanjali,Nov-18,75,,,,8904109450594,,,,,
I18660,PATANJALI AMLA ALOVERA JUICE WHEAT GRASS,Patanjali,Jan-18,100,,,,8904109465291,,,,,
I16005,PATANJALI AMLA ALOVERA LITCHI 65ML,Patanjali,Apr-17,5,,,,8904109445330,,,,,
I160047,PATANJALI AMLA AMRIT 5ML,Patanjali,,5,,,,8904109465130,,,,,
III469,PATANJALI AMLA HAIR OIL 100ML,Patanjali,Oct-18,40,,,,8904109470868,,,,,
I06817,PATANJALI AMLA PICKLE,Patanjali,Nov-17,95,,,,8904109465918,,,,,
I06817,PATANJALI AMLA PICKLE,Patanjali,Feb-18,95,,,,8904109465918,,,,,
I06818,PATANJALI AMLA CANDY 500GM,Patanjali,,140,,,,8904109470127,,,,,
I06819,PATANJALI AMRIT RASYAN 500 GM,Patanjali,,85,,,,8904109465581,,,,,
I06820,PATANJALI AMLA CHATPATA 500GM,Patanjali,,145,,,,8904109490521,,,,,
I06821,PATANJALI BEL CANDY 500 GM,Patanjali,,140,,,,8904109470110,,,,,
II3848,PATANJALI ANTI BACTIREA HAND WASH REFIL,Patanjali,Sep-18,40,,,,8904109451102,,,,,
I01423,PATANJALI ANTI WRINK CREAM,Patanjali,Nov-18,150,,,,8904109450143,,,,,
I14430,PATANJALI APPLE 1LTR,Patanjali,Dec-19,85,,,,8904109465109,,,,,
I15796,PATANJALI APRICOT FACE SCRUB 60GM,Patanjali,Jul-18,60,,,,8904109451348,,,,,
I15796,PATANJALI APRICOT FACE SCRUB 60GM,Patanjali,Dec-19,60,,,,8904109451348,,,,,
17930,PATANJALI ARHAR DAL (TUVAR DAL),Patanjali,Jul-17,124,,,,8904109474125,,,,,
44755,PATANJALI ARHAR DAL (TUVAR DAL) 500GM,Patanjali,Jun-17,63,,,,8904109474033,,,,,
44755,PATANJALI ARHAR DAL (TUVAR DAL) 500GM,Patanjali,Jun-17,63,,,,8904109474033,,,,,
II8874,PATANJALI ARJUN AMLA JUICE 500ML,Patanjali,Aug-17,80,,,,8904109467622,,,,,
I02206,PATANJALI AROGYA BISCUITS,Patanjali,Jul-17,10,,,,8902351222228,,,,,
I02137,PATANJALI ASHWAGANDHA CAP,Patanjali,Mar-19,5,,,,8904109420030,,,,,
III432,PATANJALI ATTA NOODLES CLASSIC 60GM,Patanjali,Dec-19,10,,,,8904109409950,,,,,
I01316,PATANJALI BADAM PAK 250GM,Patanjali,Jul-19,130,,,,8904109470882,,,,,
I01316,PATANJALI BADAM PAK 250GM,Patanjali,Oct-19,130,,,,8904109470882,,,,,
I14392,PATANJALI BADAM PAK 500GM,Patanjali,Jul-19,250,,,,8904109470073,,,,,
I14392,PATANJALI BADAM PAK 500GM,Patanjali,Oct-19,250,,,,8904109470073,,,,,
I18625,PATANJALI BADAM ROGAN 150ML,Patanjali,Dec-18,365,,,,8904049102010,,,,,
I02239,PATANJALI BADAM ROGHAN 60ML,Patanjali,Apr-19,150,,,,8904049101778,,,,,
II8881,PATANJALI BAL SHAVING CREAM.,Patanjali,Dec-18,55,,,,8904109450624,,,,,
92045,PATANJALI BALM 10GM,Patanjali,Oct-17,18,,,,8904109400506,,,,,
I01390,PATANJALI BALM 25GM,Patanjali,Dec-18,40,,,,8904109400322,,,,,
I14080,PATANJALI BANDANI HING,Patanjali,Jun-19,20,,,,8904109445378,,,,,
I14080,PATANJALI BANDANI HING,Patanjali,Mar-18,20,,,,8904109445378,,,,,
I14080,PATANJALI BANDANI HING,Patanjali,Jan-18,20,,,,8904109445378,,,,,
I14147,PATANJALI BANDHANI HING 25GM,Patanjali,Dec-19,40,,,,8904109445392,,,,,
II8873,PATANJALI BARLEY DALIA,Patanjali,Dec-19,30,,,,8904109470646,,,,,
I14917,PATANJALI BASMATI DIAMOND RICE 5 KG,Patanjali,Jul-18,700,,,,8904109467691,,,,,
II8874,PATANJALI 1121 DIAMOND RICE  1KG,Patanjali,,145,,,,8904109467721,,,,,
I14918,PATANJALI SHAKTI XXLBASMATI RICE 5KG,Patanjali,,540,,,,8904109467875,,,,,
II8875,PATANJALI BASMATI DHANASHREE 1KG,Patanjali,,100,,,,8904109467752,,,,,
I05322,PATANJALI BASMATI RICE GOLD 1KG,Patanjali,Dec-19,110,,,,8904109467714,,,,,
I14504,PATANJALI BASMATI RICE GOLD 5KG,Patanjali,Jul-18,510,,,,8904109467684,,,,,
I23686,PATANJALI BESAN 500GM,Patanjali,,90,,,,8904109465161,,,,,
I01424,PATANJALI BEAUTY CREAM,Patanjali,Jan-19,70,,,,8904109450167,,,,,
I06115,PATANJALI BODY UBTAN,Patanjali,Oct-17,60,,,,8904109451157,,,,,
I06115,PATANJALI BODY UBTAN,Patanjali,Dec-19,60,,,,8904109451157,,,,,
II8864,PATANJALI BORO SAFE CREAM,Patanjali,Jul-17,40,,,,8904109450587,,,,,
II8864,PATANJALI BORO SAFE CREAM,Patanjali,May-17,40,,,,8904109450587,,,,,
I02120,PATANJALI BRHAMI SHARBAT 750ML,Patanjali,Dec-19,100,,,,8904109440168,,,,,
108865,PATANJALI BURA 1KG,Patanjali,Dec-19,65,,,,8904109464621,,,,,
I18163,PATANJALI BUTTER COOKIES TIN 400GM,Patanjali,Jul-17,200,,,,8904109410215,,,,,
I14727,PATANJALI CHANA DAL 1KG,Patanjali,Dec-19,138,,,,8904109474101,,,,,
I14432,PATANJALI CHANA DAL 35GM,Patanjali,Jun-18,10,,,,7904162443121,,,,,
CL0363,PATANJALI CHANA DAL 500GM,Patanjali,Dec-19,74,,,,8904109474019,,,,,
II3845,PATANJALI CHANA MASALA,Patanjali,Oct-17,45,,,,8904109470905,,,,,
I05333,PATANJALI CHAT MASALA,Patanjali,Dec-19,36,,,,8904109465703,,,,,
I05333,PATANJALI CHAT MASALA,Patanjali,Oct-17,36,,,,8904109465703,,,,,
II8895,PATANJALI CHOCO DELITE BISCUIT,Patanjali,May-17,10,,,,8902351222280,,,,,
I17768,PATANJALI CHOCO FLAKES 30GM,Patanjali,Jul-18,10,,,,8904109463075,,,,,
I13942,PATANJALI CHOCOFLAKES 125GM,Patanjali,Aug-18,55,,,,8904109463518,,,,,
269643,PATANJALI CHYAWANPRASH 1KG,Patanjali,Jun-19,190,,,,8904109470172,,,,,
I13943,PATANJALI CHYAWANPRASH  SAFFRON 1KG,Patanjali,,250,,,,8906021883191,,,,,
I18371,PATANJALI CLASSIC NOODLES FAMILY PACK,Patanjali,Nov-17,38,,,,8904109409998,,,,,
I15749,PATANJALI COCONUT 200GM JAR,Patanjali,Jan-18,62,,,,8904109400421,,,,,
III467,PATANJALI COCONUT HAIR WASH 150ML,Patanjali,Jun-19,95,,,,8904109463204,,,,,
I05140,PATANJALI COCONUT OIL 200ML,Patanjali,Jan-18,65,,,,8904109400414,,,,,
I02126,PATANJALI CORIANDER POWDER,Patanjali,Oct-17,30,,,,8904109470288,,,,,
I16441,PATANJALI CORIENDER POWDER 500GM,Patanjali,May-17,115,,,,8904109463488,,,,,
II9595,PATANJALI CORN FLAKES MIX 250GM,Patanjali,Jan-17,85,,,,8904109471209,,,,,
II9595,PATANJALI CORN FLAKES MIX 250GM,Patanjali,Aug-17,85,,,,8904109471209,,,,,
I15020,PATANJALI CORN FLAKES MIX 500GM,Patanjali,Dec-19,145,,,,8904109470820,,,,,
I15020,PATANJALI CORN FLAKES MIX 500GM,Patanjali,Dec-19,145,,,,8904109470820,,,,,
I06864,PATANJALI COW'S GHEE 1KG,Patanjali,Sep-17,530,,,,8904109490538,,,,,
I14485,PATANJALI COW'S GHEE 200GM,Patanjali,Dec-18,125,,,,8904109463358,,,,,
III471,PATANJALI COW'S GHEE 500GM,Patanjali,Oct-17,270,,,,8904109490545,,,,,
I01324,PATANJALI CRACK HEEL CREAM,Patanjali,Oct-18,60,,,,8904109450129,,,,,
I14102,PATANJALI CURVY BRUSH,Patanjali,Dec-21,15,,,,8904109401183,,,,,
I14102,PATANJALI CURVY BRUSH,Patanjali,Dec-25,15,,,,8904109401183,,,,,
I14102,PATANJALI CURVY BRUSH,Patanjali,Apr-18,15,,,,8904109401183,,,,,
132770,PATANJALI DAIRY WHITENER 200GMS,Patanjali,Oct-17,65,,,,8904109401183,,,,,
I14155,PATANJALI DANT KANTHI MEDICATED GEL 100G,Patanjali,Apr-18,45,,,,8904109465505,,,,,
I14099,PATANJALI DANT KANTI ADVANCE 100GM,Patanjali,Aug-18,90,,,,8904109451560,,,,,
I14099,PATANJALI DANT KANTI ADVANCE 50GM,Patanjali,Nov-18,50,,,,8904109451577,,,,,
I07454,PATANJALI DANT KANTI JUNIOR PASTE 100GM,Patanjali,Mar-18,35,,,,8904109465499,,,,,
I01327,PATANJALI DANT KANTI PASTE 100GMS,Patanjali,Jul-18,40,,,,8904109450112,,,,,
I04437,PATANJALI DANT KANTI PASTE 200GM,Patanjali,Feb-20,75,,,,8904109450327,,,,,
I14601,PATANJALI DANT KANTI PASTE 25GM,Patanjali,Nov-18,10,,,,8904109463310,,,,,
II8892,PATANJALI DETERGENT CAKE ANTI BACTERIA,Patanjali,Oct-19,16,,,,8904109465901,,,,,
I14105,PATANJALI DETERGENT CAKE ANTI BACTERIA.,Patanjali,Jun-19,8,,,,8904109443008,,,,,
II8893,PATANJALI DETERGENT POWDER 2KG,Patanjali,Nov-19,128,,,,8904109443046,,,,,
I16869,PATANJALI DHANSHREE BASMASTI RICE 5KG,Patanjali,Nov-18,490,,,,8904109467837,,,,,
I16999,PATANJALI DIGESTIVE WHOLE WHEAT BISCUT,Patanjali,Jul-17,50,,,,8902351222402,,,,,
I16999,PATANJALI DIGESTIVE WHOLE WHEAT BISCUT,Patanjali,Dec-18,50,,,,8902351222402,,,,,
I02237,PATANJALI DITERGENT POWDER 1KG,Patanjali,Nov-19,65,,,,8904109443039,,,,,
I02236,PATANJALI DITERGENT POWDER. 500GM,Patanjali,Oct-19,33,,,,8904109443022,,,,,
I17860,PATANJALI DIVYA COUGH DROPS HONEY JAR,Patanjali,Oct-18,1,,,,8904049102133,,,,,
I17861,PATANJALI DIVYA COUGH DROPS MINT JAR,Patanjali,Oct-18,1,,,,8904049102157,,,,,
I17862,PATANJALI DIVYA COUGH DROPS ORANGE JAR,Patanjali,Oct-18,1,,,,8904049102140,,,,,
I14086,PATANJALI DOODH BISCUIT 100GM,Patanjali,Jul-17,10,,,,8902351222389,,,,,
I16316,PATANJALI DOODH BISCUT,Patanjali,Aug-17,5,,,,8902351222396,,,,,
I01442,PATANJALI DRISHTI EYE DROP,Patanjali,Nov-17,25,,,,8904109470752,,,,,
I18470,PATANJALI DUBAR BASMATI RICE,Patanjali,Dec-19,355,,,,8904109467851,,,,,
II8897,PATANJALI ELAICHI DELITE BISCUIT,Patanjali,Aug-17,10,,,,8902351222303,,,,,
II8897,PATANJALI ELAICHI DELITE BISCUIT,Patanjali,May-18,10,,,,8902351222303,,,,,
I14510,PATANJALI ENERGY BAR CHOCO CHIP,Patanjali,Jul-17,30,,,,8904109469862,,,,,
I16720,PATANJALI ENERGY BAR CHOCO CHIP RS.15,Patanjali,Dec-19,15,,,,8904109469862,,,,,
I16721,PATANJALI ENERGY BAR ORNAGE FEEL RS.15,Patanjali,Dec-19,15,,,,8904109469886,,,,,
I16722,PATANJALI ENERGY BAR STRAWBERY RS.15,Patanjali,Dec-19,15,,,,8904109469879,,,,,
I16723,PATANJALI BEL MURABBA 1 KG,Patanjali,,110,,,,8904109470103,,,,,
I16724,PATANJALI HARAD  MURABBA 1 KG,Patanjali,,150,,,,8904109470097,,,,,
I16725,PATANJALI AMLA MURABBA 1 KG,Patanjali,,120,,,,8904109445026,,,,,
I05138,PATANJALI GAJAR MURABBA 1 KG,Patanjali,Dec-19,125,,,,8904109465482,,,,,
I14503,PATANJALI GAZAR MURABBA 1KG,Patanjali,Dec-19,115,,,,8904109465482,,,,,
III463,PATANJALI GILOY AMLA JUICE 500ML,Patanjali,Oct-19,80,,,,8904109467608,,,,,
I01398,PATANJALI GILOY GHANVATI,Patanjali,Dec-19,90,,,,8904109420078,,,,,
339112,PATANJALI GONYLE FLOOR CLEANER 1LTR,Patanjali,Oct-19,50,,,,8908004906002,,,,,
339112,PATANJALI GONYLE FLOOR CLEANER 1LTR,Patanjali,Oct-17,48,,,,8908004906002,,,,,
I14608,PATANJALI GUAVA JAM 500GM,Patanjali,Apr-18,150,,,,8904109470356,,,,,
I14462,PATANJALI GUAVA JUICE 65ML,Patanjali,Feb-19,5,,,,8904109463419,,,,,
I01332,PATANJALI GULABJAL 120ML,Patanjali,Oct-17,30,,,,8904049101754,,,,,
I11798,PATANJALI GULAB SARBATTA 650 ML,Patanjali,,100,,,,8904109440106,,,,,
I01336,PATANJALI GULKAND 400GM,Patanjali,Nov-19,55,,,,8904049110466,,,,,
I14470,PATANJALI HAIR CONDITI COLOUR PROTECTION,Patanjali,Oct-18,60,,,,8904109450716,,,,,
I14470,PATANJALI HAIR CONDITI COLOUR PROTECTION,Patanjali,Sep-18,60,,,,8904109450716,,,,,
I14824,PATANJALI HAIR CONDITIONER ALMOND 100GM,Patanjali,Dec-18,60,,,,8904109451706,,,,,
I14824,PATANJALI HAIR CONDITIONER ALMOND 100GM,Patanjali,Nov-18,60,,,,8904109451706,,,,,
II8884,PATANJALI HAIR CONDITIONER DAMAGE CONT,Patanjali,Oct-18,60,,,,8904109450709,,,,,
II8883,PATANJALI HAIR CONDITIONER PROTEIN,Patanjali,Nov-18,60,,,,8904109450723,,,,,
I14152,PATANJALI HALDI CHANDAN SOAP 150GM,Patanjali,Nov-17,25,,,,8904109451911,,,,,
II8870,PATANJALI HERBAL KAJAL 3GM,Patanjali,Oct-18,90,,,,8904109450655,,,,,
II8880,PATANJALI HERBAL LEMON  & ALO FACE  FOAM,Patanjali,Oct-18,60,,,,8904109451089,,,,,
I04163,PATANJALI HERBAL MEHANDI 100GM,Patanjali,Dec-22,35,,,,8904109465598,,,,,
I18624,PATANJALI HERBAL POWERVITA 200GM,Patanjali,Dec-18,80,,,,8904109471032,,,,,
II8866,PATANJALI HERBAL SHAVE GEL 50GM,Patanjali,Jul-18,40,,,,8904109450617,,,,,
I14823,PATANJALI HERBAL SUHAG TEEKA,Patanjali,Jun-18,75,,,,8904109450631,,,,,
II8869,PATANJALI HONEY 1KG,Patanjali,Dec-19,260,,,,8904109460227,,,,,
II8869,PATANJALI HONEY 1KG,Patanjali,Jan-18,260,,,,8904109449239,,,,,
I15140,PATANJALI HONEY ORANGE FACE WASH,Patanjali,Sep-18,45,,,,8904109450983,,,,,
II8872,PATANJALI JAMUN VINEGAR 500ML,Patanjali,Jul-17,65,,,,8904109467738,,,,,
I14085,PATANJALI JEERA BITES 65GM BUSCUIT,Patanjali,Jun-17,10,,,,8902351222365,,,,,
I14085,PATANJALI JEERA BITES 65GM BUSCUIT,Patanjali,May-17,10,,,,8902351222365,,,,,
I14820,PATANJALI JHATPAT ATTA NOODLES 60GM,Patanjali,Dec-19,10,,,,8904109409967,,,,,
I14820,PATANJALI JHATPAT ATTA NOODLES 70GM,Patanjali,Dec-22,15,,,,8904109409981,,,,,
II8896,PATANJALI JUNIOR BRUSH,Patanjali,Dec-26,15,,,,8904109401190,,,,,
I15801,PATANJALI KABULI CHANA 1KG,Patanjali,Dec-19,162,,,,8904109474118,,,,,
I15801,PATANJALI KABULI CHANA 1KG,Patanjali,May-17,162,,,,8904109474118,,,,,
I16717,PATANJALI KABULI CHANA 500GM,Patanjali,May-17,84,,,,8904109474026,,,,,
I16717,PATANJALI KABULI CHANA 500GM,Patanjali,Dec-19,74,,,,8904109474026,,,,,
I15799,PATANJALI KALA CHANA 1KG,Patanjali,Feb-17,134,,,,8904109474194,,,,,
141310,PATANJALI KALA CHANNA 500GM,Patanjali,May-17,68,,,,8904109474200,,,,,
II9592,PATANJALI KALI MIRCH PAPAD,Patanjali,Dec-19,50,,,,8904109443084,,,,,
I05672,PATANJALI KANTI ALOEVERA SOAP 75GM,Patanjali,Sep-18,13,,,,8904109450136,,,,,
I05671,PATANJALI KANTI NEEM SOAP 75GM,Patanjali,Dec-18,15,,,,8904109450082,,,,,
I07465,PATANJALI KANTI ROSE SOAP 75GM,Patanjali,Jul-18,19,,,,8904109450273,,,,,
I14098,PATANJALI KESAR 1GM,Patanjali,Dec-22,285,,,,8904109420313,,,,,
I14434,PATANJALI KESH KANTHI ALOEVERA SHAMPOO,Patanjali,Sep-18,75,,,,8904109450013,,,,,
I15408,PATANJALI KESH KANTHI OIL 300ML,Patanjali,Jul-18,250,,,,8904109463082,,,,,
II8887,PATANJALI KESH KANTHI TAIL 120ML,Patanjali,Jan-19,130,,,,8904109463099,,,,,
II8887,PATANJALI KESH KANTHI TAIL 120ML,Patanjali,Sep-19,130,,,,8904109463099,,,,,
II8887,PATANJALI KESH KANTHI TAIL 120ML,Patanjali,Sep-18,130,,,,8904109463099,,,,,
I07463,PATANJALI KESH KANTI  ANTI DANDRUF SHAMPOO,Patanjali,Sep-18,110,,,,8904109450600,,,,,
I17098,PATANJALI KESH KANTI ANTI DANDRUFF SHAMP,Patanjali,Dec-18,3,,,,8904109451300,,,,,
I17098,PATANJALI KESH KANTI ANTI DANDRUFF SHAMP,Patanjali,Dec-19,2,,,,8904109450297,,,,,
I23456,PATANJALI KESH KANTI ANTI MILK PROTIN,Patanjali,,3,,,,8904109450389,,,,,
I17099,PATANJALI KESH KANTI MILK PROTIEN SHAMPO,Patanjali,Oct-18,95,,,,8904109450365,,,,,
I14091,PATANJALI KESH KANTI MILK PROTIEN SHAMPO,Patanjali,Nov-18,95,,,,8904109450365,,,,,
I01351,PATANJALI KESH KANTI NATURAL  SHAMPOO,Patanjali,Sep-18,75,,,,8904109450020,,,,,
I01351,PATANJALI KESH KANTI NATURAL  SHAMPOO,Patanjali,Nov-18,75,,,,8904109450020,,,,,
I07466,PATANJALI KESH KANTI REETHA SHAMPOO,Patanjali,May-18,85,,,,8904109450495,,,,,
I07466,PATANJALI KESH KANTI REETHA SHAMPOO,Patanjali,Jun-18,85,,,,8904109450495,,,,,
III466,PATANJALI KESH KANTI SHIKAKAI SHAMPOO,Patanjali,Oct-18,95,,,,8904109463198,,,,,
III466,PATANJALI KESH KANTI SHIKAKAI SHAMPOO,Patanjali,Oct-18,95,,,,8904109463198,,,,,
II8882,PATANJALI KHATTI MEETHI CHUTNEY,Patanjali,Jun-17,55,,,,8904109465925,,,,,
I01348,PATANJALI KHUS SHARBAT 750ML,Patanjali,May-17,100,,,,8904109440113,,,,,
72985,PATANJALI LAUKI AMLA JUICE 1ML,Patanjali,Jul-17,90,,,,8904109460135,,,,,
72985,PATANJALI LAUKI AMLA JUICE 1ML,Patanjali,Dec-19,90,,,,8904109460135,,,,,
II8878,PATANJALI LEMON BODY CLEANSER,Patanjali,Nov-18,45,,,,8904109420481,,,,,
II8878,PATANJALI LEMON BODY CLEANSER,Patanjali,Jul-18,45,,,,8904109420481,,,,,
FIA005,PATANJALI LEMON HONEY FACE WASH 60GM,Patanjali,Dec-18,45,,,,8904109450440,,,,,
FIA005,PATANJALI LEMON HONEY FACE WASH 60GM,Patanjali,Sep-18,45,,,,8904109450983,,,,,
II8885,PATANJALI LEMON HONEY KANTI SOAP,Patanjali,Jan-19,19,,,,8904109450259,,,,,
II8885,PATANJALI LEMON HONEY KANTI SOAP,Patanjali,Aug-18,19,,,,8904109450259,,,,,
I14145,PATANJALI LEMON SQUASH 750ML,Patanjali,Dec-19,75,,,,8904109445040,,,,,
I14145,PATANJALI LEMON SQUASH 750ML,Patanjali,Jun-17,75,,,,8904109445040,,,,,
I14104,PATANJALI LIP BALM,Patanjali,Jan-19,25,,,,8904109451126,,,,,
I14463,PATANJALI LITCHI JUICE 65ML,Patanjali,Dec-19,5,,,,8904109463426,,,,,
II8875,PATANJALI LITCHI PURE HONEY 500GM,Patanjali,Dec-22,155,,,,8904109440083,,,,,
137221,PATANJALI MALKA MASUR DAL 500GM,Patanjali,May-17,54,,,,8904109474095,,,,,
I14089,PATANJALI MANGO JUICE 1LTR,Patanjali,Apr-17,85,,,,8904109465048,,,,,
I15789,PATANJALI MANGO PANNA 650 ML,Patanjali,,80,,,,8904109440182,,,,,
I14089,PATANJALI MANGO JUICE 1LTR,Patanjali,Jan-17,50,,,,8904109471209,,,,,
I06116,PATANJALI MARIE BISCUITS 120GM,Patanjali,Dec-19,12,,,,8902351222242,,,,,
I14084,PATANJALI MARIE BISCUITS 300GM,Patanjali,Jun-17,30,,,,8902351222266,,,,,
I18205,PATANJALI MASALA OATS,Patanjali,Dec-18,15,,,,8904109470950,,,,,
I15725,PATANJALI MASALA OATS 200GM,Patanjali,Oct-17,59,,,,8904109470998,,,,,
I15725,PATANJALI MASALA OATS 200GM,Patanjali,Dec-19,59,,,,8904109470998,,,,,
I18124,PATANJALI MASALA OATS 400GM,Patanjali,Oct-17,110,,,,8904109471018,,,,,
I18559,PATANJALI METHI ATTA  1KG,Patanjali,Jun-17,90,,,,8904109449338,,,,,
I18994,PATANJALI WHOLE WHEAT ATTA  2KG,Patanjali,,80,,,,8904109449277,,,,,
I19429,PATANJALI WHOLE WHEAT ATTA  5KG,Patanjali,,180,,,,8904109470240,,,,,
I19864,PATANJALI WHOLE WHEAT ATTA  10 KG,Patanjali,,330,,,,8904109470257,,,,,
I01378,PATANJALI MINT TULSI SOAP,Patanjali,Apr-18,24,,,,8904109450204,,,,,
I01378,PATANJALI MINT TULSI SOAP,Patanjali,Apr-18,24,,,,8904109450204,,,,,
I16572,PATANJALI MISSI ATTA 1KG,Patanjali,Jun-17,65,,,,8904109449352,,,,,
I16572,PATANJALI SHARBATI ATTA 1KG,Patanjali,Dec-19,45,,,,8904109449314,,,,,
PO0104,PATANJALI MIX DAL 1KG,Patanjali,May-17,130,,,,8904109474170,,,,,
PO191,PATANJALI MIX DAL 500GM,Patanjali,May-17,66,,,,8904109474088,,,,,
PO191,PATANJALI MIX DAL 500GM,Patanjali,Feb-17,66,,,,8904109474088,,,,,
LI318,PATANJALI MIX FRUIT JUICE 1000ML,Patanjali,May-17,85,,,,8904109466489,,,,,
I02673,PATANJALI MIXED FRUIT JAM,Patanjali,Dec-17,70,,,,8904109445019,,,,,
I02673,PATANJALI MIXED FRUIT JAM,Patanjali,Jun-19,70,,,,8904109445019,,,,,
I01384,PATANJALI MOGRA SOAP,Patanjali,Jul-18,25,,,,8904109450211,,,,,
I14100,PATANJALI MOISTURIZER 50GM,Patanjali,Jan-19,75,,,,8904109451324,,,,,
I14100,PATANJALI MOISTURIZER 50GM,Patanjali,Oct-18,75,,,,8904109451324,,,,,
53210,PATANJALI MOONG DAL CHILKA,Patanjali,May-17,90,,,,8904109474149,,,,,
I14726,PATANJALI MOONG DAL CHILKA 500GM,Patanjali,Dec-19,50,,,,8904109474057,,,,,
I14726,PATANJALI MOONG DAL CHILKA 500GM,Patanjali,May-17,50,,,,8904109474057,,,,,
I15798,PATANJALI MOONG DAL DHULI 1KG,Patanjali,Dec-18,96,,,,8904109474156,,,,,
I15798,PATANJALI MOONG DAL DHULI 1KG,Patanjali,Dec-19,96,,,,8904109474156,,,,,
17890,PATANJALI MOOSLI PAK 200GM,Patanjali,May-17,260,,,,8904109490286,,,,,
I14821,PATANJALI MUESLI FRUIT & NUT 200GM,Patanjali,Sep-17,90,,,,8904109463006,,,,,
I14821,PATANJALI MUESLI FRUIT & NUT 200GM,Patanjali,Jun-17,90,,,,8904109463006,,,,,
I14505,PATANJALI MULTANI MITTI FACE PACK 60ML,Patanjali,Mar-18,60,,,,8904109451355,,,,,
I14505,PATANJALI MULTANI MITTI FACE PACK 60ML,Patanjali,Mar-18,60,,,,8904109451355,,,,,
I01374,PATANJALI MULTANI MITTI SOAP 75GM,Patanjali,Nov-18,35,,,,8904109450228,,,,,
I14146,PATANJALI MULTIFLORA HONEY 250GM,Patanjali,Dec-19,75,,,,8904109440229,,,,,
III462,PATANJALI MUSLEI FRUIT & NUT,Patanjali,Dec-19,195,,,,8904109463013,,,,,
I17097,PATANJALI MUSTARD OIL SACHET,Patanjali,May-17,130,,,,8904109465406,,,,,
I17097,PATANJALI MUSTARD OIL SACHET,Patanjali,Mar-18,130,,,,8904109465406,,,,,
I17099,PATANJALI MUSTERD OIL POUCH 1LTR,Patanjali,May-17,130,,,,8904109465406,,,,,
I17806,PATANJALI NAMKEEN BISCUIT 125GM,Patanjali,Dec-19,15,,,,8902351222297,,,,,
I17109,PATANJALI NAMKEEN BISCUITS 80GM,Patanjali,Jul-17,10,,,,8902351222235,,,,,
I06117,PATANJALI NAMKEEN BISCUTITS 40GM,Patanjali,Aug-17,5,,,,8902351222259,,,,,
I06117,PATANJALI NAMKEEN BISCUTITS 125GM,Patanjali,Dec-19,15,,,,8902351222297,,,,,
I18206,PATANJALI NAMKEEN MOONG DAL,Patanjali,Dec-17,10,,,,8904109443107,,,,,
I14433,PATANJALI NAMKEEN MOONG DAL 200GM,Patanjali,Dec-19,52,,,,8904109443091,,,,,
II8898,PATANJALI NAT KHAT BISCUIT 40GM,Patanjali,Dec-19,5,,,,8902351222327,,,,,
II8900,PATANJALI NAT KHAT BISCUIT 80GM,Patanjali,Oct-18,10,,,,8902351222334,,,,,
II8865,PATANJALI NEEM & TULSI FACE WASH,Patanjali,Jun-18,45,,,,8904109450457,,,,,
I18204,PATANJALI NEEM TULSI FACE WASH,Patanjali,Dec-18,70,,,,8904109400605,,,,,
II9599,PATANJALI NEEM-ALOE VERA FACE PACK,Patanjali,Apr-18,60,,,,8904109451379,,,,,
I18100,PATANJALI NOODLES CHATPATA FAMILY PACK,Patanjali,Nov-17,38,,,,8904109410000,,,,,
I15797,PATANJALI NOODLES WITH VEGITALES 70GM,Patanjali,Jun-17,15,,,,8904109409981,,,,,
I14081,PATANJALI NUTTY DELITE BUSCUIT 100GM,Patanjali,Apr-17,15,,,,8902351222310,,,,,
I14081,PATANJALI NUTTY DELITE BUSCUIT 100GM,Patanjali,Apr-17,15,,,,8902351222310,,,,,
I14081,PATANJALI NUTTY DELITE BUSCUIT 100GM,Patanjali,Jul-18,15,,,,8902351222310,,,,,
I14082,PATANJALI NUTTY DELITE BUSCUIT 70GM,Patanjali,Apr-17,10,,,,8902351222358,,,,,
I14082,PATANJALI NUTTY DELITE BUSCUIT 70GM,Patanjali,Jul-17,10,,,,8902351222358,,,,,
I14492,PATANJALI OATS 500GM,Patanjali,Oct-17,110,,,,8904109470837,,,,,
I14097,PATANJALI OLIVE HAND WASH 175ML,Patanjali,Apr-18,90,,,,8904109463273,,,,,
202351,PATANJALI ORANGE ALOE VERA FACE WASH,Patanjali,Jan-18,45,,,,8904109450464,,,,,
II8899,PATANJALI ORANGE DELITE BISCUIT,Patanjali,Dec-22,10,,,,8902351222273,,,,,
I16147,PATANJALI ORANGE JUICE 1L,Patanjali,Dec-19,85,,,,8904109463334,,,,,
I01389,PATANJALI ORANGE SQUASH 750ML,Patanjali,Jun-17,75,,,,8904109445033,,,,,
I06818,PATANJALI PACHAK AJWAIN WITH ALOEVERA,Patanjali,Dec-19,46,,,,8904109465192,,,,,
I05214,PATANJALI PACHAK ANARDANA,Patanjali,Dec-19,35,,,,8904109465208,,,,,
I07518,PATANJALI PACHAK ANARDANA CHURNA,Patanjali,Jul-17,35,,,,8904109465765,,,,,
I05215,PATANJALI PACHAK HING GOLI,Patanjali,Jun-18,50,,,,8904109465338,,,,,
I15802,PATANJALI PACHAK HING PEDA 200GM,Patanjali,Jul-17,60,,,,8904109465246,,,,,
I16435,PATANJALI PACHAK JALJEERA 200GM,Patanjali,Oct-17,60,,,,8904109470233,,,,,
I16435,PATANJALI PACHAK JALJEERA 200GM,Patanjali,Sep-17,60,,,,8904109470233,,,,,
I07520,PATANJALI PACHAK JEERA KHATTI MITH  GOLI,Patanjali,May-17,32,,,,8904109465451,,,,,
I14094,PATANJALI PACHAK METHI NIMBU,Patanjali,Sep-17,35,,,,8904109465222,,,,,
I14095,PATANJALI PACHAK SHODHIT HARAD,Patanjali,Dec-19,22,,,,8904109491283,,,,,
I02121,PATANJALI PANCHAGVYA KANTI SOAP,Patanjali,Sep-18,13,,,,8904109450099,,,,,
I02121,PATANJALI PANCHAGVYA KANTI SOAP,Patanjali,Oct-18,13,,,,8904109450099,,,,,
II8876,PATANJALI PAPULAR  POWDER 1KG,Patanjali,Oct-19,46,,,,8904109460043,,,,,
I14506,PATANJALI PAPULAR DETERGENT CAKE 125GM,Patanjali,Sep-19,8,,,,8904109465901,,,,,
I14506,PATANJALI PAPULAR DETERGENT CAKE 125GM,Patanjali,Sep-19,6,,,,8904149460074,,,,,
I14153,PATANJALI PAPULAR DETERGENT CAKE 250GM,Patanjali,Jan-20,12,,,,8904109460036,,,,,
I14153,PATANJALI PAPULAR DETERGENT CAKE 250GM,Patanjali,Dec-20,16,,,,8904109443008,,,,,
I01394,PATANJALI PINEAPPLE JAM,Patanjali,Jun-19,70,,,,8904109445309,,,,,
I14090,PATANJALI POPULAR  DETERGENT POWDER 5KG,Patanjali,Dec-19,225,,,,8904109460098,,,,,
I14108,PATANJALI POPULAR POWDER 250GM,Patanjali,Feb-19,13,,,,8904109460067,,,,,
I14106,PATANJALI POPULAR POWDER 2KG,Patanjali,Oct-19,90,,,,8904109460081,,,,,
I14107,PATANJALI POPULAR POWDER 500GM,Patanjali,Sep-19,24,,,,8904109460050,,,,,
I14107,PATANJALI POPULAR POWDER 500GM,Patanjali,Sep-19,24,,,,8904109460050,,,,,
I13941,PATANJALI POWER VITA JAR,Patanjali,Aug-17,205,,,,8904109470387,,,,,
I17392,PATANJALI POWERVITA 100GM,Patanjali,Dec-18,45,,,,8904109471025,,,,,
I16317,PATANJALI POWERVITA REFIL,Patanjali,Aug-17,190,,,,8904109470424,,,,,
I15976,PATANJALI PRADASUDHA SYP,Patanjali,Jun-18,75,,,,8904109420450,,,,,
I14154,PATANJALI PREMIUM POWDER 500GM,Patanjali,Oct-17,95,,,,8904109463181,,,,,
I01400,PATANJALI PURE HONEY,Patanjali,Dec-19,135,,,,8904109449222,,,,,
II8891,PATANJALI PURE HONEY .,Patanjali,Dec-17,70,,,,8904109449215,,,,,
I15800,PATANJALI RAJMA 1KG,Patanjali,Dec-19,96,,,,8904109474132,,,,,
141445,PATANJALI RAJMA 500GM,Patanjali,Dec-19,65,,,,8904109474040,,,,,
I13945,PATANJALI RED CHILLI POWDER 200GM,Patanjali,Dec-19,60,,,,8904109463242,,,,,
I18141,PATANJALI RICE BRAN OIL,Patanjali,Nov-17,115,,,,8904109410307,,,,,
I18208,PATANJALI ROASTED CHANA PAPAD,Patanjali,Dec-18,45,,,,8904109443060,,,,,
I14151,PATANJALI ROSE BODY CLEANSER 125GM,Patanjali,Dec-18,45,,,,8904109420597,,,,,
I14101,PATANJALI ROSE FACE WASH 60GM,Patanjali,Apr-18,45,,,,8904109451003,,,,,
I16870,PATANJALI ROZANA BASMATI RICE 1KG,Patanjali,Dec-18,110,,,,8904109467912,,,,,
I17885,PATANJALI ROZANA BASMATI RICE 5KG,Patanjali,Dec-18,395,,,,8904109467929,,,,,
I01391,PATANJALI SALT,Patanjali,Mar-18,12,,,,8904109461026,,,,,
I16871,PATANJALI SAMPPORNA TRADITIONAL BASMATI,Patanjali,Oct-18,790,,,,8904109467899,,,,,
I17722,PATANJALI SAMRIDHHI BASMATI RICE 1KG,Patanjali,Dec-18,160,,,,8904109467806,,,,,
I17722,PATANJALI SAMRIDHHI BASMATI RICE 1KG,Patanjali,Nov-18,160,,,,8904109467806,,,,,
I16872,PATANJALI SAMRIDHHI BASMATI RICE 5KG,Patanjali,Nov-18,790,,,,8904109467882,,,,,
I16872,PATANJALI SAMRIDHHI BASMATI RICE 5KG,Patanjali,Oct-18,790,,,,8904109467882,,,,,
I16236,PATANJALI SAUNDARYA ALOE VERA GEL,Patanjali,May-18,50,,,,8904109400612,,,,,
I18089,PATANJALI SAUNDARYA BODY LOTION,Patanjali,Dec-18,100,,,,8904109451065,,,,,
I18661,PATANJALI SAUNDARYA BODY LOTION 200ML,Patanjali,Mar-19,180,,,,8904109400759,,,,,
I18662,PATANJALI SAUNDARYA BODY LOTION 400ML,Patanjali,Nov-19,350,,,,8904109400766,,,,,
92055,PATANJALI SAUNDARYA BODY SOAP (WHITE),Patanjali,Aug-18,40,,,,8904109400674,,,,,
92055,PATANJALI SAUNDARYA BODY SOAP (WHITE),Patanjali,Aug-18,40,,,,8904109400674,,,,,
I04438,PATANJALI SAUNDARYA FACE WASH 60ML,Patanjali,Jan-19,60,,,,8904109450426,,,,,
I04438,PATANJALI SAUNDARYA FACE WASH 60ML,Patanjali,Dec-18,60,,,,8904109450426,,,,,
I18002,PATANJALI SAUNDARYA NEEM TULASI FACE WAS,Patanjali,Dec-18,70,,,,8904109400605,,,,,
I14093,PATANJALI SENSITICVE TOOTH BRUSH,Patanjali,Mar-19,30,,,,8904109401268,,,,,
I16873,PATANJALI SHAKTHI XXL BASMATI RICE 5KG,Patanjali,Oct-18,540,,,,8904109467875,,,,,
II9924,PATANJALI SHEETAL  OIL 100ML,Patanjali,Apr-18,55,,,,8904109470851,,,,,
II9924,PATANJALI SHEETAL  OIL 100ML,Patanjali,May-18,55,,,,8904109470851,,,,,
I18001,PATANJALI SHISHU CARE BODY CLEANSER 75GM,Patanjali,Dec-18,45,,,,8904109449895,,,,,
I16627,PATANJALI SHISHU CARE BODY WASH GEL,Patanjali,Oct-18,75,,,,8904109449857,,,,,
I16627,PATANJALI SHISHU CARE BODY WASH GEL,Patanjali,Oct-18,75,,,,8904109449857,,,,,
I16670,PATANJALI SHISHU CARE CREAM,Patanjali,Oct-18,40,,,,8904109449871,,,,,
III672,PATANJALI SOAN PAPTDI ELAICHI 250GM,Patanjali,Dec-19,55,,,,8904109405501,,,,,
I17134,PATANJALI SONA MASOORI RICE 10KG,Patanjali,Dec-18,575,,,,8904109467943,,,,,
I16874,PATANJALI SONA MASOORI RICE 5KG,Patanjali,Nov-18,320,,,,8904109467936,,,,,
I16874,PATANJALI SONA MASOORI RICE 5KG,Patanjali,Dec-18,320,,,,8904109467936,,,,,
,PATANJALI SOUNDARYA AGING CREAM 50 GM,Patanjali,,700,,,,8904109400544,,,,,
I14390,PATANJALI SOUNDARYA AGING CREAM 15GM,Patanjali,Sep-18,300,,,,8904109400698,,,,,
I14150,PATANJALI SOUNDARYA BODY CLEANSER 75GM,Patanjali,Oct-18,35,,,,8904109400667,,,,,
I14150,PATANJALI SOUNDARYA BODY CLEANSER 75GM,Patanjali,Jul-18,35,,,,8904109400667,,,,,
I14150,PATANJALI SOUNDARYA BODY CLEANSER 75GM,Patanjali,Nov-18,35,,,,8904109400667,,,,,
I02122,PATANJALI SPICES  BLACK PEPPER POWDER,Patanjali,May-17,125,,,,8904109470325,,,,,
344998,PATANJALI SPICES BLACK PEPPER WHOLE,Patanjali,Dec-19,120,,,,8904109470271,,,,,
344998,PATANJALI SPICES BLACK PEPPER WHOLE,Patanjali,Jul-17,120,,,,8904109470271,,,,,
I02123,PATANJALI SPICES FENUGREEK WHOLE SEEDS,Patanjali,Nov-17,20,,,,8904109470462,,,,,
I01414,PATANJALI SPICES GARAM MASALA,Patanjali,Nov-17,65,,,,8904109465178,,,,,
II9925,PATANJALI SUNSCREEN CREAM SPF 30,Patanjali,Mar-18,100,,,,8904109450358,,,,,
II9925,PATANJALI SUNSCREEN CREAM SPF 30,Patanjali,Mar-18,100,,,,8904109450358,,,,,
I16723,PATANJALI SUPER  MILK BAR & ALMOND RS.15,Patanjali,Jul-17,15,,,,8904109469909,,,,,
I18372,PATANJALI SUPER BASMATI RICE 1KG,Patanjali,Jan-19,110,,,,8904109467783,,,,,
II8867,PATANJALI SUPER DISHWASH BAR,Patanjali,Jan-20,10,,,,8904109460012,,,,,
I16719,PATANJALI SUPER STAR COW MILK BAR,Patanjali,Dec-19,30,,,,8904109469985,,,,,
I01419,PATANJALI SWASARI PRAVAHI 250ML,Patanjali,Dec-19,50,,,,8904049100603,,,,,
I18472,PATANJALI TIBAR BASMATI RICE,Patanjali,Dec-19,400,,,,8904109467844,,,,,
II9596,PATANJALI TOMATO KETCHUP,Patanjali,Sep-17,70,,,,8904109463341,,,,,
I18468,PATANJALI TOMATO KETCHUP (ONION)1KG,Patanjali,Dec-19,120,,,,8904109420658,,,,,
I15726,PATANJALI TOMATO OATS 200GM,Patanjali,May-17,59,,,,8904109471001,,,,,
I12984,PATANJALI TOMATO OATS 400GM,Patanjali,,110,,,,8904109471056,,,,,
33630,PATANJALI TONGUE CLEANER,Patanjali,Aug-26,35,,,,8904109401251,,,,,
I01429,PATANJALI TOOTH BRUSH,Patanjali,Nov-43,10,,,,8904109401213,,,,,
I01429,PATANJALI TOOTH BRUSH,Patanjali,Nov-26,10,,,,8904109401213,,,,,
II8894,PATANJALI TRIPLE ACTION SOFT BRUSH,Patanjali,Dec-19,25,,,,8904109401176,,,,,
I14394,PATANJALI TURMERIC POWDER 500GM,Patanjali,Jul-17,105,,,,8904109463495,,,,,
II8895,PATANJALI TURMERIC POWDER 200GM,Patanjali,,40,,,,8904109463228,,,,,
I14395,PATANJALI TURMERIC POWDER 100GM,Patanjali,,24,,,,8904109470448,,,,,
I18446,PATANJALI URAD CHILKA 500GM,Patanjali,Jun-17,67,,,,8904109474323,,,,,
I18488,PATANJALI URAD DHULI 1KG,Patanjali,Jul-17,144,,,,8904109474224,,,,,
I18487,PATANJALI URAD DHULI 500GM,Patanjali,Jul-17,73,,,,8904109474286,,,,,
I18485,PATANJALI URAD WHOLE 1KG,Patanjali,May-17,118,,,,8904109474248,,,,,
I18408,PATANJALI URAD WHOLE 500GM,Patanjali,May-17,60,,,,8904109474293,,,,,
I13946,PATANJALI WHOLE MILK POWDER 200GM,Patanjali,Nov-17,65,,,,8904109470059,,,,,
I14149,PATANJALI WHOLE MILK POWDER 500GM,Patanjali,Jun-19,160,,,,8904109470394,,,,,
I01358,PATANJALLI ANTI BACTERIAL HAND WAS 250ML,Patanjali,Nov-18,55,,,,8904109400230,,,,,
I01358,PATANJALLI ANTI BACTERIAL HAND WAS 250ML,Patanjali,Nov-18,55,,,,8904109400230,,,,,
I18241,PATANJLAI SAMPOORN BASMATI RICE 1KG,Patanjali,Jan-19,160,,,,8904109467813,,,,,
I18241,PATANJLAI SAMPOORN BASMATI RICE 1KG,Patanjali,Dec-18,160,,,,8904109467813,,,,,
I01298,PATANLALI ALOEVERA GEL 150ML,Patanjali,Mar-18,80,,,,8904109400353,,,,,
